{"input": [-3.0, -2.5, -2.0, -1.5, -1.0, -0.5, 0.0, 0.5, 1.0, 1.5, 2.0, 2.5, 3.0], "average_torque": [-3.9922550965784196, -3.453476804026057, -2.76019240273965, -1.9278161626183585, -1.3344448074865878, -0.8288319802909309, 0.20856258331724767, 0.7821760357877289, 1.616788124770261, 2.1519265014134095, 2.504063458031929, 3.461367928579952, 3.7510462694902547], "average_torque_error": [0.063408417384659, 0.05537454458066168, 0.07425202272452011, 0.0667391281027469, 0.053675080111811956, 0.05353579341879112, 0.030772945021617957, 0.058692128876208345, 0.03948799280293141, 0.07317826888122174, 0.03903288004195259, 0.06676245587711513, 0.41016101832625296], "mag_torque": [-3.9922550965784196, -3.453476804026057, -2.76019240273965, -1.9318785229872228, -1.337805477644174, -0.8302853454588058, 0.0, 0.7821760357877289, 1.616788124770261, 2.1519265014134095, 2.504063458031929, 3.461367928579952, 3.7672425845589084], "mag_torque_error": [0.06334901838578129, 0.05532267145959879, 0.0741824657793006, 0.06925613497489956, 0.06257475577230302, 0.05642987193356197, 0.0, 0.05863714794716072, 0.039451001700851765, 0.0731097177946242, 0.038996315275105616, 0.06669991492111459, 0.2756973047476046]}